title, jobs board, frequency, date, hyperlink, notes

LINKEDIN
greater london location

devops,240,
software engineer,240,
data analyst,242, 
web developer,237,
cyber security,242,
python,245,
typescript,235,
c#,188,
java,244,
typescript,235,
javascript,246,
software developer, 248

TOTALJOBS
travel from postcode -- 90 mins
https://www.totaljobs.com/jobs/{{keyword_here}}?searchOrigin=Resultlist_top-search&commutetime=UB3+3FJ%3B90%3Bpublic_transport&action=facet_selected%3Bcommutetime%3BUB3+3FJ_90_public_transport

Software Engineer,1143
software developer, 1150
Web Developer,207
devops, 608
python, 898
typescript, 184
csharp, 131
java,292
javascript, 317
data analyst, 431
aws, 634
kubernetes, 241
docker, 228
azure, 642
gcp, 324

CWJOBS
London + 0 miles
https://www.cwjobs.co.uk/jobs/{{keyword}}/in-london?radius=0&searchOrigin=Resultlist_top-search

software developer, 982
software engineer, 979
devops, 366
python, 683
javascript, 276
java,254
typescript, 157
web developer, 123
data scientist, 167
data analyst, 333
aws, 552
azure, 594
gcp, 236
kubernetes, 128
docker, 205
cyber security, 203
csharp, 144